Name,Surname,Homework1,Homework2,Homework3,Homework4,Homework5,Exam
Name1,Surname1,2,7,9,8,10,2
Name2,Surname2,9,8,1,1,2,10
Name3,Surname3,2,10,2,6,6,10
Name4,Surname4,10,10,6,5,4,6
Name5,Surname5,9,7,8,7,9,10
Name6,Surname6,8,10,1,9,4,2
Name7,Surname7,9,2,3,10,1,3
Name8,Surname8,1,7,5,7,1,6
Name9,Surname9,5,6,2,10,8,1
Name10,Surname10,9,3,10,8,7,5
Name11,Surname11,5,9,4,9,7,7
Name12,Surname12,7,5,8,10,8,4
Name13,Surname13,8,2,3,5,4,9
Name14,Surname14,6,10,4,9,8,9
Name15,Surname15,2,1,9,5,3,1
Name16,Surname16,1,3,5,2,5,6
Name17,Surname17,10,10,4,7,4,10
Name18,Surname18,2,1,7,9,10,3
Name19,Surname19,5,7,9,1,6,5
Name20,Surname20,1,3,3,2,6,5
Name21,Surname21,7,2,10,4,2,6
Name22,Surname22,9,9,6,6,7,7
Name23,Surname23,3,8,1,4,4,4
Name24,Surname24,6,7,2,9,3,7
Name25,Surname25,8,10,7,5,10,4
Name26,Surname26,10,2,8,1,8,10
Name27,Surname27,9,5,3,7,2,5
Name28,Surname28,8,4,3,1,10,5
Name29,Surname29,6,6,7,8,3,10
Name30,Surname30,10,6,7,6,3,9
Name31,Surname31,4,3,2,5,1,8
Name32,Surname32,2,9,5,7,7,10
Name33,Surname33,3,4,5,10,6,8
Name34,Surname34,1,9,3,9,8,2
Name35,Surname35,1,10,5,6,1,3
Name36,Surname36,8,8,5,9,3,10
Name37,Surname37,2,7,7,6,3,10
Name38,Surname38,1,9,5,10,4,3
Name39,Surname39,3,3,2,4,8,3
Name40,Surname40,9,7,2,10,7,6
Name41,Surname41,6,6,3,1,5,10
Name42,Surname42,1,5,7,2,2,9
Name43,Surname43,10,6,3,3,10,1
Name44,Surname44,5,7,2,3,1,4
Name45,Surname45,3,4,3,5,1,10
Name46,Surname46,8,6,6,9,10,1
Name47,Surname47,1,8,3,1,5,8
Name48,Surname48,5,3,10,4,8,7
Name49,Surname49,7,3,9,5,2,3
Name50,Surname50,5,2,9,7,10,4
Name51,Surname51,2,4,8,8,4,4
Name52,Surname52,10,9,1,8,7,3
Name53,Surname53,1,9,3,9,4,8
Name54,Surname54,8,3,3,2,6,2
Name55,Surname55,5,8,4,3,4,7
Name56,Surname56,9,10,8,2,4,6
Name57,Surname57,6,6,9,6,1,5
Name58,Surname58,2,1,2,9,10,6
Name59,Surname59,7,7,9,1,7,6
Name60,Surname60,10,4,10,8,3,8
Name61,Surname61,9,1,6,3,4,7
Name62,Surname62,9,9,5,9,9,9
Name63,Surname63,2,6,3,6,6,3
Name64,Surname64,6,1,1,5,9,10
Name65,Surname65,2,4,8,3,7,10
Name66,Surname66,3,7,1,9,8,5
Name67,Surname67,5,9,8,8,5,7
Name68,Surname68,9,4,1,2,6,7
Name69,Surname69,3,4,2,9,3,7
Name70,Surname70,1,7,4,10,8,10
Name71,Surname71,4,6,1,6,5,2
Name72,Surname72,10,7,6,10,1,7
Name73,Surname73,8,8,9,9,6,5
Name74,Surname74,6,7,4,10,4,8
Name75,Surname75,8,8,4,3,10,10
Name76,Surname76,10,4,10,9,2,4
Name77,Surname77,10,3,7,3,4,1
Name78,Surname78,4,4,4,7,1,2
Name79,Surname79,6,5,6,3,7,9
Name80,Surname80,2,1,4,4,7,3
Name81,Surname81,2,10,4,1,8,6
Name82,Surname82,3,3,10,10,6,4
Name83,Surname83,2,1,5,10,8,1
Name84,Surname84,7,6,6,6,5,6
Name85,Surname85,9,5,2,5,3,2
Name86,Surname86,7,2,7,8,4,9
Name87,Surname87,6,7,7,3,8,7
Name88,Surname88,7,7,10,1,1,1
Name89,Surname89,5,2,9,4,4,3
Name90,Surname90,5,4,5,3,9,7
Name91,Surname91,8,5,7,8,8,6
Name92,Surname92,5,7,5,9,4,5
Name93,Surname93,8,6,2,1,6,5
Name94,Surname94,1,10,9,9,5,9
Name95,Surname95,3,4,6,3,6,6
Name96,Surname96,9,10,10,4,10,6
Name97,Surname97,10,8,1,8,8,5
Name98,Surname98,3,10,5,6,8,8
Name99,Surname99,7,6,7,2,1,1
Name100,Surname100,7,10,8,1,3,6
Name101,Surname101,9,6,7,9,5,1
Name102,Surname102,7,7,10,2,7,1
Name103,Surname103,3,9,7,1,9,2
Name104,Surname104,2,9,7,6,10,9
Name105,Surname105,3,3,3,4,2,9
Name106,Surname106,5,3,5,8,9,7
Name107,Surname107,5,7,6,1,9,10
Name108,Surname108,1,7,5,4,3,8
Name109,Surname109,3,10,4,2,4,6
Name110,Surname110,10,5,9,10,6,8
Name111,Surname111,4,8,2,5,4,2
Name112,Surname112,7,6,5,8,1,5
Name113,Surname113,3,4,3,2,2,2
Name114,Surname114,3,10,8,3,9,1
Name115,Surname115,9,3,5,7,3,7
Name116,Surname116,3,1,7,2,6,3
Name117,Surname117,10,7,5,9,10,2
Name118,Surname118,7,2,6,3,2,8
Name119,Surname119,8,8,1,4,4,8
Name120,Surname120,9,8,9,10,5,9
Name121,Surname121,7,7,1,5,4,4
Name122,Surname122,9,5,8,5,8,9
Name123,Surname123,9,4,8,1,4,8
Name124,Surname124,9,3,3,1,8,1
Name125,Surname125,10,7,9,4,3,6
Name126,Surname126,3,3,6,5,7,10
Name127,Surname127,3,2,1,2,8,8
Name128,Surname128,7,8,9,2,5,2
Name129,Surname129,7,8,10,3,3,7
Name130,Surname130,3,7,3,1,4,1
Name131,Surname131,2,5,1,10,3,5
Name132,Surname132,7,2,5,8,1,7
Name133,Surname133,9,7,10,5,7,4
Name134,Surname134,7,10,6,4,5,1
Name135,Surname135,4,5,7,7,9,3
Name136,Surname136,7,7,6,6,10,1
Name137,Surname137,9,9,5,2,2,4
Name138,Surname138,10,10,8,9,4,3
Name139,Surname139,9,1,3,3,6,9
Name140,Surname140,7,9,3,4,10,8
Name141,Surname141,4,8,10,8,3,4
Name142,Surname142,1,7,9,6,5,5
Name143,Surname143,6,4,9,5,2,3
Name144,Surname144,8,8,1,5,2,6
Name145,Surname145,10,1,6,9,10,5
Name146,Surname146,2,8,10,4,5,10
Name147,Surname147,6,4,6,7,7,2
Name148,Surname148,5,10,2,10,10,4
Name149,Surname149,8,8,6,4,6,2
Name150,Surname150,10,5,6,8,3,8
Name151,Surname151,4,2,8,7,2,10
Name152,Surname152,8,4,8,10,3,8
Name153,Surname153,4,3,8,2,3,7
Name154,Surname154,3,1,6,10,1,4
Name155,Surname155,8,8,1,9,8,1
Name156,Surname156,8,7,4,1,9,3
Name157,Surname157,10,1,4,1,10,2
Name158,Surname158,1,9,5,1,6,3
Name159,Surname159,7,4,10,3,2,5
Name160,Surname160,8,7,8,5,4,8
Name161,Surname161,4,6,8,8,1,5
Name162,Surname162,6,4,1,3,2,8
Name163,Surname163,4,3,5,5,10,3
Name164,Surname164,3,7,8,5,8,10
Name165,Surname165,1,10,4,7,8,6
Name166,Surname166,8,8,7,3,6,10
Name167,Surname167,3,4,9,8,5,4
Name168,Surname168,5,10,1,5,8,7
Name169,Surname169,3,1,1,4,1,10
Name170,Surname170,6,3,4,6,4,6
Name171,Surname171,5,1,6,1,2,3
Name172,Surname172,8,1,6,4,8,8
Name173,Surname173,3,7,7,4,10,8
Name174,Surname174,1,7,4,6,10,5
Name175,Surname175,2,10,1,3,10,3
Name176,Surname176,1,2,6,5,5,3
Name177,Surname177,2,3,4,1,1,10
Name178,Surname178,2,7,2,10,2,2
Name179,Surname179,10,10,3,8,6,7
Name180,Surname180,1,4,8,10,9,1
Name181,Surname181,2,9,9,6,2,3
Name182,Surname182,4,3,10,9,5,4
Name183,Surname183,2,6,8,6,10,8
Name184,Surname184,6,6,3,4,8,10
Name185,Surname185,10,3,10,6,5,1
Name186,Surname186,8,5,1,7,8,7
Name187,Surname187,10,4,2,5,5,8
Name188,Surname188,4,2,6,2,6,9
Name189,Surname189,3,9,9,2,3,4
Name190,Surname190,7,1,1,7,1,2
Name191,Surname191,2,9,5,9,1,2
Name192,Surname192,6,1,4,8,2,9
Name193,Surname193,7,9,1,8,9,5
Name194,Surname194,6,8,9,7,7,9
Name195,Surname195,7,3,8,3,10,2
Name196,Surname196,7,8,3,4,3,4
Name197,Surname197,1,10,2,4,5,7
Name198,Surname198,10,8,5,3,10,8
Name199,Surname199,5,6,1,10,4,4
Name200,Surname200,9,8,1,9,9,3
Name201,Surname201,8,1,6,6,10,2
Name202,Surname202,9,8,4,8,2,3
Name203,Surname203,1,10,9,1,6,9
Name204,Surname204,9,6,7,2,2,7
Name205,Surname205,10,3,7,1,8,4
Name206,Surname206,2,9,8,8,3,3
Name207,Surname207,3,3,1,1,7,10
Name208,Surname208,3,1,5,9,9,6
Name209,Surname209,5,7,6,9,10,1
Name210,Surname210,5,5,3,9,10,9
Name211,Surname211,10,3,7,10,3,3
Name212,Surname212,10,1,3,4,1,9
Name213,Surname213,7,3,9,8,4,7
Name214,Surname214,10,6,10,9,5,9
Name215,Surname215,7,10,2,1,2,7
Name216,Surname216,5,4,3,6,8,9
Name217,Surname217,4,7,4,8,7,1
Name218,Surname218,4,8,10,9,10,3
Name219,Surname219,10,3,2,2,3,4
Name220,Surname220,6,7,10,1,10,3
Name221,Surname221,3,4,3,6,10,10
Name222,Surname222,1,9,6,7,2,6
Name223,Surname223,4,3,2,6,4,10
Name224,Surname224,10,5,1,10,3,4
Name225,Surname225,7,7,4,7,6,4
Name226,Surname226,8,7,9,5,2,8
Name227,Surname227,7,5,4,5,3,9
Name228,Surname228,2,9,5,3,10,5
Name229,Surname229,4,6,4,9,2,9
Name230,Surname230,3,5,10,9,4,4
Name231,Surname231,2,7,9,7,1,8
Name232,Surname232,10,3,9,4,9,10
Name233,Surname233,5,8,9,5,5,7
Name234,Surname234,10,4,10,10,4,7
Name235,Surname235,8,9,9,6,10,1
Name236,Surname236,8,1,2,8,2,9
Name237,Surname237,10,4,9,6,6,3
Name238,Surname238,2,9,3,8,7,7
Name239,Surname239,8,2,2,9,7,6
Name240,Surname240,8,5,8,3,5,3
Name241,Surname241,2,7,9,5,6,4
Name242,Surname242,7,8,7,1,6,10
Name243,Surname243,10,8,7,3,1,1
Name244,Surname244,3,3,1,3,2,4
Name245,Surname245,8,4,10,4,7,2
Name246,Surname246,1,1,1,9,10,4
Name247,Surname247,2,2,8,4,6,1
Name248,Surname248,10,2,3,10,8,4
Name249,Surname249,10,4,7,1,3,6
Name250,Surname250,9,1,3,9,1,7
Name251,Surname251,6,6,6,9,8,4
Name252,Surname252,2,6,2,7,3,6
Name253,Surname253,1,3,7,2,3,6
Name254,Surname254,4,7,1,8,6,8
Name255,Surname255,10,9,8,6,5,9
Name256,Surname256,1,10,10,6,10,7
Name257,Surname257,6,6,1,5,1,3
Name258,Surname258,10,4,2,2,3,1
Name259,Surname259,2,2,1,9,4,2
Name260,Surname260,10,2,5,4,9,3
Name261,Surname261,8,5,3,10,10,2
Name262,Surname262,6,4,9,3,3,1
Name263,Surname263,2,10,7,7,9,7
Name264,Surname264,9,5,8,8,2,8
Name265,Surname265,4,4,3,7,2,3
Name266,Surname266,9,9,1,4,2,7
Name267,Surname267,7,7,4,8,5,8
Name268,Surname268,10,8,3,10,3,1
Name269,Surname269,7,5,7,5,8,7
Name270,Surname270,6,8,3,8,1,1
Name271,Surname271,2,8,7,8,2,8
Name272,Surname272,4,3,3,1,7,8
Name273,Surname273,9,7,6,3,9,5
Name274,Surname274,2,3,1,2,8,2
Name275,Surname275,7,10,8,9,1,9
Name276,Surname276,8,8,5,1,3,3
Name277,Surname277,9,4,8,6,8,5
Name278,Surname278,2,3,8,6,3,10
Name279,Surname279,1,6,2,8,9,5
Name280,Surname280,1,3,5,7,5,7
Name281,Surname281,7,4,4,8,10,10
Name282,Surname282,8,3,10,3,2,1
Name283,Surname283,2,9,1,5,1,2
Name284,Surname284,7,10,1,9,8,1
Name285,Surname285,2,6,2,5,5,7
Name286,Surname286,3,10,1,9,1,3
Name287,Surname287,9,7,10,8,7,6
Name288,Surname288,5,2,3,5,2,3
Name289,Surname289,6,8,10,4,2,6
Name290,Surname290,9,9,3,9,3,5
Name291,Surname291,9,1,3,2,6,6
Name292,Surname292,8,7,3,2,1,1
Name293,Surname293,1,1,3,10,4,7
Name294,Surname294,8,5,8,5,4,5
Name295,Surname295,9,6,3,10,10,9
Name296,Surname296,2,3,6,10,2,9
Name297,Surname297,5,10,8,3,10,1
Name298,Surname298,4,4,9,8,5,7
Name299,Surname299,8,4,1,4,8,1
Name300,Surname300,7,3,9,10,3,7
Name301,Surname301,4,7,4,2,5,5
Name302,Surname302,7,10,1,3,5,5
Name303,Surname303,9,8,5,8,2,7
Name304,Surname304,4,6,5,1,6,10
Name305,Surname305,9,9,1,6,10,2
Name306,Surname306,7,9,7,1,4,8
Name307,Surname307,7,5,1,3,3,8
Name308,Surname308,8,2,9,6,10,8
Name309,Surname309,2,9,5,2,3,10
Name310,Surname310,8,5,4,6,7,8
Name311,Surname311,5,10,7,1,4,4
Name312,Surname312,10,2,9,3,5,9
Name313,Surname313,5,2,2,10,8,8
Name314,Surname314,10,10,8,9,7,6
Name315,Surname315,5,8,2,7,4,4
Name316,Surname316,6,10,8,3,7,8
Name317,Surname317,1,5,5,9,3,1
Name318,Surname318,7,10,7,7,1,9
Name319,Surname319,8,3,8,5,9,6
Name320,Surname320,5,3,6,7,10,2
Name321,Surname321,7,5,4,7,5,5
Name322,Surname322,3,6,9,1,5,1
Name323,Surname323,6,7,9,5,6,2
Name324,Surname324,8,2,10,1,10,1
Name325,Surname325,5,6,7,4,5,6
Name326,Surname326,10,8,4,2,7,1
Name327,Surname327,5,10,4,7,2,9
Name328,Surname328,10,10,3,4,3,9
Name329,Surname329,10,2,4,2,3,5
Name330,Surname330,4,2,6,10,2,5
Name331,Surname331,9,8,7,6,9,4
Name332,Surname332,5,9,4,1,2,2
Name333,Surname333,3,3,7,2,9,8
Name334,Surname334,7,2,5,7,9,3
Name335,Surname335,2,3,8,4,2,7
Name336,Surname336,5,1,10,6,7,7
Name337,Surname337,2,2,3,9,1,9
Name338,Surname338,10,10,5,5,9,1
Name339,Surname339,7,10,1,4,7,1
Name340,Surname340,6,5,6,4,1,5
Name341,Surname341,2,2,5,1,4,4
Name342,Surname342,6,10,9,5,5,5
Name343,Surname343,3,1,8,6,9,9
Name344,Surname344,1,6,8,10,3,6
Name345,Surname345,1,5,4,8,7,2
Name346,Surname346,6,9,10,4,8,7
Name347,Surname347,6,4,2,10,10,3
Name348,Surname348,1,5,5,9,4,10
Name349,Surname349,6,10,3,4,5,6
Name350,Surname350,4,4,9,3,5,3
Name351,Surname351,6,2,9,4,2,7
Name352,Surname352,7,8,6,4,3,2
Name353,Surname353,10,4,7,7,6,2
Name354,Surname354,1,8,4,3,3,3
Name355,Surname355,3,5,7,1,4,1
Name356,Surname356,9,7,8,3,4,8
Name357,Surname357,7,6,7,2,5,6
Name358,Surname358,4,2,4,4,5,3
Name359,Surname359,8,6,5,10,4,1
Name360,Surname360,5,1,7,6,5,1
Name361,Surname361,2,2,1,5,5,1
Name362,Surname362,7,9,9,7,4,1
Name363,Surname363,2,9,10,2,8,4
Name364,Surname364,9,5,1,8,7,7
Name365,Surname365,5,6,3,3,2,9
Name366,Surname366,9,1,3,2,7,7
Name367,Surname367,1,2,3,3,7,8
Name368,Surname368,8,1,1,7,10,2
Name369,Surname369,10,5,2,7,9,9
Name370,Surname370,5,5,7,4,1,9
Name371,Surname371,10,6,10,10,7,3
Name372,Surname372,1,9,8,10,5,5
Name373,Surname373,2,2,8,10,2,8
Name374,Surname374,3,3,5,7,10,1
Name375,Surname375,1,9,6,9,4,4
Name376,Surname376,10,4,4,6,1,2
Name377,Surname377,10,5,10,1,8,6
Name378,Surname378,7,8,2,4,2,8
Name379,Surname379,10,10,6,5,3,7
Name380,Surname380,5,1,5,10,4,7
Name381,Surname381,1,2,9,6,4,10
Name382,Surname382,3,1,6,8,3,6
Name383,Surname383,5,2,2,10,1,8
Name384,Surname384,4,10,2,9,1,5
Name385,Surname385,9,5,2,2,3,8
Name386,Surname386,9,6,1,10,9,9
Name387,Surname387,4,6,3,1,7,7
Name388,Surname388,10,4,4,4,3,5
Name389,Surname389,6,1,5,10,7,8
Name390,Surname390,9,6,1,6,6,6
Name391,Surname391,1,7,9,4,6,1
Name392,Surname392,10,2,10,6,7,4
Name393,Surname393,5,2,7,1,8,3
Name394,Surname394,9,10,5,9,7,1
Name395,Surname395,6,8,7,10,1,7
Name396,Surname396,8,9,5,8,10,6
Name397,Surname397,6,9,2,8,2,3
Name398,Surname398,7,2,2,10,3,1
Name399,Surname399,1,7,9,1,3,5
Name400,Surname400,3,6,7,8,1,4
Name401,Surname401,2,7,2,1,3,7
Name402,Surname402,10,10,10,5,5,6
Name403,Surname403,1,4,2,2,8,3
Name404,Surname404,5,1,2,5,2,3
Name405,Surname405,6,1,3,5,6,10
Name406,Surname406,3,8,7,5,8,10
Name407,Surname407,5,8,7,9,8,1
Name408,Surname408,1,10,5,2,7,8
Name409,Surname409,6,6,8,1,1,2
Name410,Surname410,5,8,3,7,5,6
Name411,Surname411,4,10,3,6,6,8
Name412,Surname412,5,4,8,3,3,4
Name413,Surname413,2,9,7,4,4,7
Name414,Surname414,10,1,5,9,7,4
Name415,Surname415,6,6,10,7,5,6
Name416,Surname416,3,2,8,1,3,7
Name417,Surname417,5,3,5,4,4,6
Name418,Surname418,8,4,2,1,6,3
Name419,Surname419,2,5,1,6,5,9
Name420,Surname420,9,4,3,7,5,5
Name421,Surname421,7,3,5,9,2,7
Name422,Surname422,6,3,2,8,1,9
Name423,Surname423,4,2,1,9,1,7
Name424,Surname424,7,10,6,5,7,9
Name425,Surname425,5,2,3,2,1,2
Name426,Surname426,3,1,9,2,8,8
Name427,Surname427,6,8,1,8,1,2
Name428,Surname428,2,1,5,8,8,4
Name429,Surname429,1,8,2,3,2,9
Name430,Surname430,5,2,9,5,7,8
Name431,Surname431,2,5,9,9,3,4
Name432,Surname432,9,2,9,3,2,10
Name433,Surname433,9,5,6,8,1,10
Name434,Surname434,8,4,9,7,5,10
Name435,Surname435,5,3,4,6,5,5
Name436,Surname436,1,3,9,10,3,6
Name437,Surname437,2,10,8,6,10,10
Name438,Surname438,3,7,5,9,4,9
Name439,Surname439,9,2,7,10,7,8
Name440,Surname440,7,3,5,1,2,9
Name441,Surname441,2,6,10,6,6,8
Name442,Surname442,6,10,7,8,1,4
Name443,Surname443,5,7,9,4,1,3
Name444,Surname444,5,6,5,3,8,9
Name445,Surname445,3,1,10,10,7,1
Name446,Surname446,5,10,1,7,8,4
Name447,Surname447,3,5,6,3,7,5
Name448,Surname448,1,10,8,2,8,3
Name449,Surname449,2,6,2,10,7,4
Name450,Surname450,6,1,9,7,1,2
Name451,Surname451,6,8,7,4,2,9
Name452,Surname452,8,4,5,7,3,3
Name453,Surname453,10,1,1,10,5,8
Name454,Surname454,7,7,4,3,10,2
Name455,Surname455,2,10,7,1,1,5
Name456,Surname456,6,3,2,8,6,2
Name457,Surname457,9,1,1,5,10,7
Name458,Surname458,3,1,2,7,3,1
Name459,Surname459,8,1,1,8,6,1
Name460,Surname460,4,10,8,10,3,7
Name461,Surname461,3,6,5,6,2,6
Name462,Surname462,6,9,8,7,10,2
Name463,Surname463,3,5,2,2,5,4
Name464,Surname464,3,6,8,3,3,3
Name465,Surname465,3,8,5,10,1,6
Name466,Surname466,3,5,6,2,5,6
Name467,Surname467,6,10,4,9,8,8
Name468,Surname468,6,8,7,2,8,4
Name469,Surname469,6,7,7,7,9,9
Name470,Surname470,8,6,6,2,4,10
Name471,Surname471,4,6,9,5,10,4
Name472,Surname472,8,2,4,5,9,9
Name473,Surname473,7,2,5,6,2,2
Name474,Surname474,8,1,2,1,6,3
Name475,Surname475,2,8,8,2,7,3
Name476,Surname476,2,2,9,5,1,2
Name477,Surname477,8,6,7,2,4,10
Name478,Surname478,6,6,1,3,6,9
Name479,Surname479,5,3,5,8,7,2
Name480,Surname480,8,1,7,10,6,8
Name481,Surname481,2,9,10,8,10,3
Name482,Surname482,8,3,6,2,2,6
Name483,Surname483,9,3,6,9,5,7
Name484,Surname484,10,10,1,7,4,7
Name485,Surname485,8,8,6,3,5,6
Name486,Surname486,5,4,5,9,5,1
Name487,Surname487,7,8,6,2,8,2
Name488,Surname488,4,10,10,3,9,9
Name489,Surname489,6,5,1,8,10,3
Name490,Surname490,6,4,6,7,10,3
Name491,Surname491,10,2,9,9,2,8
Name492,Surname492,6,8,3,9,6,1
Name493,Surname493,4,10,1,1,3,9
Name494,Surname494,10,2,4,6,7,7
Name495,Surname495,1,2,7,4,6,3
Name496,Surname496,4,9,6,10,5,8
Name497,Surname497,4,10,8,3,9,6
Name498,Surname498,6,8,9,6,8,10
Name499,Surname499,10,5,7,5,7,3
Name500,Surname500,6,3,10,6,2,8
Name501,Surname501,6,5,4,7,1,7
Name502,Surname502,8,5,9,5,4,1
Name503,Surname503,9,9,10,9,7,4
Name504,Surname504,7,4,10,10,8,5
Name505,Surname505,4,8,2,2,7,1
Name506,Surname506,7,8,4,4,6,7
Name507,Surname507,4,9,5,9,1,10
Name508,Surname508,7,6,10,6,10,5
Name509,Surname509,2,3,9,3,5,8
Name510,Surname510,9,4,10,6,7,3
Name511,Surname511,4,9,6,1,10,1
Name512,Surname512,2,1,4,2,10,8
Name513,Surname513,1,7,1,6,4,4
Name514,Surname514,5,3,5,3,6,6
Name515,Surname515,5,5,6,7,4,8
Name516,Surname516,2,5,5,8,3,2
Name517,Surname517,2,2,8,6,3,7
Name518,Surname518,2,2,6,1,7,4
Name519,Surname519,3,1,5,5,6,8
Name520,Surname520,5,3,3,6,3,10
Name521,Surname521,6,1,1,6,10,6
Name522,Surname522,6,4,1,3,2,5
Name523,Surname523,1,9,6,6,7,8
Name524,Surname524,9,8,3,7,7,10
Name525,Surname525,2,7,8,1,9,9
Name526,Surname526,6,6,4,5,5,9
Name527,Surname527,7,1,1,8,10,10
Name528,Surname528,2,1,10,3,2,1
Name529,Surname529,1,5,10,9,7,6
Name530,Surname530,3,5,8,5,8,5
Name531,Surname531,1,8,1,10,4,8
Name532,Surname532,5,9,10,1,8,8
Name533,Surname533,7,6,2,8,7,2
Name534,Surname534,7,1,10,10,8,6
Name535,Surname535,5,6,4,3,3,1
Name536,Surname536,8,1,10,5,9,6
Name537,Surname537,5,8,4,2,6,6
Name538,Surname538,8,3,9,1,8,8
Name539,Surname539,7,8,3,4,9,5
Name540,Surname540,7,10,4,10,2,6
Name541,Surname541,6,2,2,4,6,3
Name542,Surname542,5,2,5,1,10,4
Name543,Surname543,10,4,7,10,9,8
Name544,Surname544,9,2,7,8,3,5
Name545,Surname545,10,1,5,1,9,1
Name546,Surname546,10,4,6,3,5,9
Name547,Surname547,1,5,7,7,10,8
Name548,Surname548,8,7,6,8,8,3
Name549,Surname549,5,7,2,10,5,6
Name550,Surname550,7,2,9,7,2,1
Name551,Surname551,10,10,1,6,8,7
Name552,Surname552,8,3,2,7,5,5
Name553,Surname553,10,4,10,5,9,10
Name554,Surname554,6,4,9,9,10,4
Name555,Surname555,7,2,6,1,9,5
Name556,Surname556,4,2,6,7,9,3
Name557,Surname557,8,5,9,6,1,9
Name558,Surname558,2,10,7,8,4,4
Name559,Surname559,6,4,10,10,4,6
Name560,Surname560,3,3,10,5,4,2
Name561,Surname561,9,6,4,6,2,9
Name562,Surname562,8,7,8,9,2,7
Name563,Surname563,3,4,7,5,6,9
Name564,Surname564,8,4,9,6,7,3
Name565,Surname565,8,7,5,7,8,6
Name566,Surname566,4,2,9,8,2,3
Name567,Surname567,1,9,9,6,7,8
Name568,Surname568,4,7,2,2,8,2
Name569,Surname569,3,8,9,6,8,2
Name570,Surname570,3,1,2,3,5,1
Name571,Surname571,10,2,3,6,7,6
Name572,Surname572,10,5,2,6,1,5
Name573,Surname573,7,4,6,1,5,7
Name574,Surname574,9,5,2,7,9,8
Name575,Surname575,10,5,10,5,5,4
Name576,Surname576,2,2,8,5,8,7
Name577,Surname577,6,10,2,5,10,9
Name578,Surname578,1,2,3,10,10,7
Name579,Surname579,8,2,7,1,1,7
Name580,Surname580,7,2,9,10,3,6
Name581,Surname581,7,4,3,4,4,9
Name582,Surname582,5,2,3,4,9,5
Name583,Surname583,2,6,2,8,1,5
Name584,Surname584,7,10,8,3,5,9
Name585,Surname585,5,2,5,9,3,9
Name586,Surname586,3,5,8,6,7,9
Name587,Surname587,1,5,5,2,10,7
Name588,Surname588,2,9,6,3,6,4
Name589,Surname589,10,7,5,6,1,6
Name590,Surname590,4,5,1,7,9,6
Name591,Surname591,8,1,5,2,1,6
Name592,Surname592,6,1,5,3,3,10
Name593,Surname593,8,8,7,7,7,9
Name594,Surname594,4,1,4,10,4,5
Name595,Surname595,7,5,10,9,7,10
Name596,Surname596,9,5,4,5,10,9
Name597,Surname597,5,4,4,8,1,1
Name598,Surname598,7,6,4,4,1,3
Name599,Surname599,1,4,10,1,7,7
Name600,Surname600,9,9,1,8,3,8
Name601,Surname601,4,10,9,3,8,10
Name602,Surname602,6,1,9,1,3,1
Name603,Surname603,4,2,2,2,6,6
Name604,Surname604,3,8,3,9,9,1
Name605,Surname605,5,1,10,6,5,3
Name606,Surname606,2,4,2,9,7,6
Name607,Surname607,1,6,3,2,7,10
Name608,Surname608,8,1,1,9,3,3
Name609,Surname609,1,9,7,4,7,6
Name610,Surname610,7,5,9,7,2,2
Name611,Surname611,10,2,5,8,6,1
Name612,Surname612,10,4,6,4,1,3
Name613,Surname613,10,4,2,6,6,4
Name614,Surname614,10,4,5,3,9,6
Name615,Surname615,4,2,3,10,5,3
Name616,Surname616,3,8,5,3,9,4
Name617,Surname617,6,1,2,2,1,5
Name618,Surname618,7,1,1,6,6,5
Name619,Surname619,7,5,3,9,2,5
Name620,Surname620,9,8,8,3,9,2
Name621,Surname621,8,7,6,7,2,3
Name622,Surname622,6,9,10,2,6,8
Name623,Surname623,7,1,2,3,10,1
Name624,Surname624,3,6,9,1,10,9
Name625,Surname625,10,1,8,9,3,1
Name626,Surname626,7,2,8,1,4,2
Name627,Surname627,8,10,10,5,3,1
Name628,Surname628,8,3,4,7,9,9
Name629,Surname629,3,9,4,1,3,10
Name630,Surname630,1,4,1,5,7,8
Name631,Surname631,10,2,5,1,3,6
Name632,Surname632,10,1,7,3,1,1
Name633,Surname633,6,10,9,1,7,1
Name634,Surname634,1,2,10,4,10,7
Name635,Surname635,9,5,7,9,3,1
Name636,Surname636,4,2,1,3,7,4
Name637,Surname637,1,2,5,2,8,8
Name638,Surname638,8,9,9,9,3,5
Name639,Surname639,6,7,5,9,5,10
Name640,Surname640,3,9,8,9,6,2
Name641,Surname641,9,1,8,4,9,3
Name642,Surname642,6,5,9,3,5,6
Name643,Surname643,7,1,4,7,10,4
Name644,Surname644,2,3,5,7,8,6
Name645,Surname645,3,3,1,3,6,1
Name646,Surname646,2,7,5,2,1,5
Name647,Surname647,7,4,6,5,2,9
Name648,Surname648,9,8,4,7,9,10
Name649,Surname649,1,3,9,4,2,5
Name650,Surname650,5,10,4,8,5,10
Name651,Surname651,1,5,5,7,10,4
Name652,Surname652,2,8,10,2,10,4
Name653,Surname653,8,2,9,6,2,10
Name654,Surname654,10,5,5,2,2,2
Name655,Surname655,10,2,9,3,7,6
Name656,Surname656,3,7,1,1,2,6
Name657,Surname657,3,8,7,6,7,2
Name658,Surname658,4,4,9,4,9,6
Name659,Surname659,8,4,7,1,7,1
Name660,Surname660,9,2,7,2,10,3
Name661,Surname661,5,1,1,8,10,2
Name662,Surname662,6,10,7,5,3,6
Name663,Surname663,1,7,9,8,9,9
Name664,Surname664,10,8,3,7,1,6
Name665,Surname665,1,10,9,5,5,1
Name666,Surname666,10,2,3,4,3,2
Name667,Surname667,1,8,4,4,9,8
Name668,Surname668,9,3,3,7,6,5
Name669,Surname669,7,6,6,1,9,3
Name670,Surname670,1,8,6,5,1,4
Name671,Surname671,9,5,9,2,8,7
Name672,Surname672,7,10,9,7,1,5
Name673,Surname673,7,9,4,1,1,1
Name674,Surname674,3,9,7,1,5,6
Name675,Surname675,3,7,7,8,6,4
Name676,Surname676,7,6,10,2,3,9
Name677,Surname677,7,5,10,9,4,4
Name678,Surname678,3,7,5,5,9,9
Name679,Surname679,5,3,2,10,7,2
Name680,Surname680,7,9,3,4,9,8
Name681,Surname681,3,2,5,8,2,8
Name682,Surname682,4,10,7,1,8,2
Name683,Surname683,7,4,6,1,1,1
Name684,Surname684,2,4,10,7,5,9
Name685,Surname685,7,1,1,4,1,5
Name686,Surname686,10,9,8,1,10,1
Name687,Surname687,3,9,3,10,8,4
Name688,Surname688,4,10,5,8,1,7
Name689,Surname689,4,6,2,4,10,1
Name690,Surname690,8,7,7,5,9,4
Name691,Surname691,8,6,7,2,1,3
Name692,Surname692,1,6,9,5,8,4
Name693,Surname693,2,9,8,1,1,5
Name694,Surname694,10,9,8,3,9,9
Name695,Surname695,3,2,4,2,3,7
Name696,Surname696,3,7,4,9,2,5
Name697,Surname697,2,6,2,1,6,8
Name698,Surname698,2,6,5,3,9,1
Name699,Surname699,2,6,2,10,7,9
Name700,Surname700,1,9,6,4,3,5
Name701,Surname701,10,9,8,1,6,3
Name702,Surname702,4,4,4,2,4,4
Name703,Surname703,4,6,6,10,8,5
Name704,Surname704,6,6,10,5,3,10
Name705,Surname705,9,9,6,1,7,10
Name706,Surname706,5,8,7,5,8,8
Name707,Surname707,1,7,5,4,2,2
Name708,Surname708,7,5,1,4,9,7
Name709,Surname709,5,3,10,9,7,8
Name710,Surname710,2,2,2,1,8,5
Name711,Surname711,3,7,2,9,4,10
Name712,Surname712,3,3,10,8,6,3
Name713,Surname713,6,8,8,6,6,6
Name714,Surname714,3,9,6,6,5,1
Name715,Surname715,7,1,1,9,3,10
Name716,Surname716,5,9,9,3,1,4
Name717,Surname717,3,4,3,5,4,2
Name718,Surname718,1,5,8,4,4,1
Name719,Surname719,4,2,7,7,3,8
Name720,Surname720,6,8,6,2,5,10
Name721,Surname721,8,10,2,1,2,3
Name722,Surname722,5,4,6,10,3,4
Name723,Surname723,3,4,2,5,2,2
Name724,Surname724,5,2,3,1,9,6
Name725,Surname725,7,7,6,4,10,3
Name726,Surname726,7,8,4,4,1,10
Name727,Surname727,5,3,6,4,6,7
Name728,Surname728,8,5,3,1,1,1
Name729,Surname729,6,9,5,10,9,2
Name730,Surname730,2,6,8,5,2,8
Name731,Surname731,7,3,9,5,6,7
Name732,Surname732,9,6,6,10,6,6
Name733,Surname733,5,7,8,1,7,4
Name734,Surname734,5,10,10,7,2,2
Name735,Surname735,7,5,9,7,1,7
Name736,Surname736,4,3,9,6,5,9
Name737,Surname737,4,9,1,1,2,8
Name738,Surname738,7,7,2,4,9,1
Name739,Surname739,9,4,7,6,6,10
Name740,Surname740,1,2,2,5,2,1
Name741,Surname741,4,10,2,8,3,9
Name742,Surname742,6,10,7,10,5,10
Name743,Surname743,2,2,3,8,5,9
Name744,Surname744,4,8,5,10,8,2
Name745,Surname745,9,2,10,3,4,10
Name746,Surname746,4,10,6,3,7,6
Name747,Surname747,9,1,8,8,2,6
Name748,Surname748,9,5,3,9,9,6
Name749,Surname749,1,5,3,6,9,10
Name750,Surname750,9,5,4,6,5,7
Name751,Surname751,4,4,7,6,1,4
Name752,Surname752,5,3,10,10,8,1
Name753,Surname753,6,9,6,7,7,2
Name754,Surname754,10,2,4,7,2,2
Name755,Surname755,7,7,5,1,5,10
Name756,Surname756,7,3,10,3,7,2
Name757,Surname757,4,10,4,3,2,6
Name758,Surname758,8,2,2,10,4,4
Name759,Surname759,7,1,9,6,8,8
Name760,Surname760,6,1,8,2,3,7
Name761,Surname761,1,5,9,4,10,10
Name762,Surname762,6,4,7,3,8,7
Name763,Surname763,9,4,5,3,3,3
Name764,Surname764,6,8,3,1,10,5
Name765,Surname765,5,4,4,5,10,1
Name766,Surname766,4,6,4,8,5,1
Name767,Surname767,9,4,2,10,1,8
Name768,Surname768,1,5,2,3,2,5
Name769,Surname769,8,8,7,8,5,7
Name770,Surname770,3,2,6,7,6,7
Name771,Surname771,3,4,1,4,6,8
Name772,Surname772,1,4,8,5,10,4
Name773,Surname773,3,9,1,1,7,7
Name774,Surname774,10,3,2,3,10,10
Name775,Surname775,10,4,2,10,9,9
Name776,Surname776,10,9,6,1,7,3
Name777,Surname777,7,3,3,4,7,8
Name778,Surname778,3,7,9,9,6,5
Name779,Surname779,10,3,10,7,3,9
Name780,Surname780,1,9,4,9,3,6
Name781,Surname781,1,1,6,5,5,3
Name782,Surname782,5,7,7,5,10,4
Name783,Surname783,5,5,3,5,7,2
Name784,Surname784,3,5,9,8,9,1
Name785,Surname785,3,8,7,3,6,9
Name786,Surname786,7,5,1,6,4,5
Name787,Surname787,6,1,8,10,4,8
Name788,Surname788,3,5,5,2,2,2
Name789,Surname789,7,7,4,6,10,6
Name790,Surname790,9,10,5,5,7,5
Name791,Surname791,1,7,2,3,1,9
Name792,Surname792,7,9,10,8,2,1
Name793,Surname793,6,8,3,3,1,8
Name794,Surname794,4,3,6,10,4,8
Name795,Surname795,1,2,3,2,2,3
Name796,Surname796,7,10,7,4,1,9
Name797,Surname797,4,7,10,8,7,9
Name798,Surname798,2,10,6,5,9,3
Name799,Surname799,5,6,4,7,9,9
Name800,Surname800,5,4,9,5,6,2
Name801,Surname801,3,6,5,2,2,10
Name802,Surname802,6,5,1,1,3,3
Name803,Surname803,5,7,7,3,5,2
Name804,Surname804,10,3,2,2,2,4
Name805,Surname805,6,10,2,4,7,5
Name806,Surname806,7,3,9,10,7,7
Name807,Surname807,6,5,3,1,3,4
Name808,Surname808,5,5,3,10,9,4
Name809,Surname809,8,4,2,4,3,3
Name810,Surname810,10,6,6,1,2,5
Name811,Surname811,4,8,2,4,6,2
Name812,Surname812,8,1,8,9,8,9
Name813,Surname813,4,5,8,3,8,3
Name814,Surname814,6,10,8,2,2,4
Name815,Surname815,7,3,6,4,1,4
Name816,Surname816,8,4,10,7,7,2
Name817,Surname817,9,5,1,10,5,1
Name818,Surname818,9,3,8,6,2,10
Name819,Surname819,3,8,8,2,4,3
Name820,Surname820,10,10,4,2,5,7
Name821,Surname821,6,1,5,5,7,9
Name822,Surname822,1,2,7,3,4,5
Name823,Surname823,9,6,3,9,7,10
Name824,Surname824,3,1,2,6,1,5
Name825,Surname825,4,9,6,7,8,3
Name826,Surname826,5,9,2,3,6,4
Name827,Surname827,8,1,1,10,2,5
Name828,Surname828,3,7,8,5,9,1
Name829,Surname829,2,8,3,2,8,5
Name830,Surname830,6,1,9,7,8,1
Name831,Surname831,3,7,7,7,7,9
Name832,Surname832,5,1,5,8,8,3
Name833,Surname833,5,6,7,8,2,2
Name834,Surname834,4,5,8,1,9,7
Name835,Surname835,1,5,9,4,6,9
Name836,Surname836,8,7,1,9,2,10
Name837,Surname837,6,8,8,2,4,10
Name838,Surname838,7,10,4,6,6,2
Name839,Surname839,6,1,4,1,1,2
Name840,Surname840,2,8,4,7,9,4
Name841,Surname841,3,10,6,7,10,5
Name842,Surname842,9,2,1,2,7,5
Name843,Surname843,10,9,7,6,10,6
Name844,Surname844,10,10,5,4,8,4
Name845,Surname845,2,10,4,9,7,2
Name846,Surname846,2,10,9,7,10,5
Name847,Surname847,1,10,2,1,7,8
Name848,Surname848,9,9,4,5,8,5
Name849,Surname849,9,5,4,1,5,3
Name850,Surname850,7,7,10,4,1,2
Name851,Surname851,9,1,4,3,2,1
Name852,Surname852,5,4,10,1,8,10
Name853,Surname853,2,3,2,3,3,1
Name854,Surname854,4,9,4,7,10,9
Name855,Surname855,10,5,3,7,6,3
Name856,Surname856,7,8,2,1,9,6
Name857,Surname857,2,8,5,9,3,8
Name858,Surname858,8,4,7,10,3,10
Name859,Surname859,5,3,2,8,4,1
Name860,Surname860,1,2,9,1,6,2
Name861,Surname861,1,9,3,4,4,10
Name862,Surname862,2,4,5,6,5,3
Name863,Surname863,6,10,9,9,1,8
Name864,Surname864,9,8,4,8,6,2
Name865,Surname865,4,10,5,5,2,9
Name866,Surname866,10,8,2,2,5,8
Name867,Surname867,3,10,8,1,2,8
Name868,Surname868,4,1,4,10,4,8
Name869,Surname869,5,7,2,7,2,7
Name870,Surname870,1,2,10,9,3,9
Name871,Surname871,7,3,1,5,6,7
Name872,Surname872,1,10,3,4,7,9
Name873,Surname873,10,10,3,10,4,7
Name874,Surname874,5,7,9,5,3,6
Name875,Surname875,3,7,9,4,10,10
Name876,Surname876,2,6,6,7,6,6
Name877,Surname877,3,5,1,2,5,8
Name878,Surname878,7,6,6,7,1,7
Name879,Surname879,10,1,7,4,3,8
Name880,Surname880,6,3,5,10,6,8
Name881,Surname881,10,4,3,5,7,8
Name882,Surname882,1,9,7,1,10,2
Name883,Surname883,7,5,8,9,4,6
Name884,Surname884,3,5,10,6,5,6
Name885,Surname885,6,8,7,2,2,1
Name886,Surname886,3,8,6,7,8,4
Name887,Surname887,1,8,2,8,10,8
Name888,Surname888,9,1,7,10,3,1
Name889,Surname889,4,6,7,7,2,10
Name890,Surname890,9,4,10,9,8,4
Name891,Surname891,9,3,3,1,9,7
Name892,Surname892,4,9,9,8,6,7
Name893,Surname893,3,4,1,8,8,5
Name894,Surname894,8,10,4,10,7,1
Name895,Surname895,1,9,5,4,3,10
Name896,Surname896,2,7,7,5,7,1
Name897,Surname897,2,3,9,10,7,4
Name898,Surname898,9,8,2,7,4,3
Name899,Surname899,2,9,8,1,10,2
Name900,Surname900,1,4,9,6,4,6
Name901,Surname901,4,5,6,1,9,3
Name902,Surname902,3,3,10,5,2,3
Name903,Surname903,4,6,8,5,2,6
Name904,Surname904,8,3,4,1,4,5
Name905,Surname905,7,10,3,6,9,4
Name906,Surname906,8,5,9,5,7,7
Name907,Surname907,3,2,2,8,1,10
Name908,Surname908,4,3,5,3,1,4
Name909,Surname909,2,6,10,10,2,10
Name910,Surname910,5,3,6,6,9,2
Name911,Surname911,10,4,5,1,7,6
Name912,Surname912,7,3,7,4,8,10
Name913,Surname913,9,9,10,8,10,6
Name914,Surname914,5,7,6,6,1,1
Name915,Surname915,4,2,4,10,6,2
Name916,Surname916,4,5,10,6,5,1
Name917,Surname917,6,6,10,8,1,7
Name918,Surname918,2,2,9,2,5,9
Name919,Surname919,1,10,4,6,1,10
Name920,Surname920,3,8,9,9,10,1
Name921,Surname921,2,2,8,3,6,1
Name922,Surname922,6,6,4,3,10,9
Name923,Surname923,9,10,1,4,6,7
Name924,Surname924,6,5,8,5,1,4
Name925,Surname925,7,10,10,7,3,6
Name926,Surname926,9,4,10,3,4,3
Name927,Surname927,3,5,1,9,1,4
Name928,Surname928,1,9,1,3,9,8
Name929,Surname929,1,8,7,3,10,8
Name930,Surname930,5,6,6,8,5,5
Name931,Surname931,2,1,5,3,8,10
Name932,Surname932,8,9,2,2,5,1
Name933,Surname933,1,9,5,5,5,8
Name934,Surname934,7,8,5,2,9,7
Name935,Surname935,5,1,8,4,5,2
Name936,Surname936,9,8,6,6,4,2
Name937,Surname937,5,8,7,1,3,4
Name938,Surname938,9,7,4,7,5,4
Name939,Surname939,6,4,6,8,6,6
Name940,Surname940,1,3,8,1,9,3
Name941,Surname941,7,4,2,6,9,3
Name942,Surname942,9,3,8,6,5,9
Name943,Surname943,4,3,5,4,7,1
Name944,Surname944,6,1,2,1,10,10
Name945,Surname945,9,9,10,2,5,3
Name946,Surname946,10,8,8,9,9,7
Name947,Surname947,7,6,10,6,7,3
Name948,Surname948,7,2,7,4,6,10
Name949,Surname949,8,1,9,1,9,3
Name950,Surname950,1,6,2,9,1,10
Name951,Surname951,5,1,3,6,2,1
Name952,Surname952,10,7,9,2,1,5
Name953,Surname953,9,9,4,10,10,3
Name954,Surname954,3,6,6,5,5,3
Name955,Surname955,7,9,1,6,3,6
Name956,Surname956,2,4,10,2,6,5
Name957,Surname957,2,7,2,9,6,5
Name958,Surname958,10,9,5,1,6,2
Name959,Surname959,7,4,8,10,1,1
Name960,Surname960,8,7,5,3,3,5
Name961,Surname961,9,9,6,3,4,4
Name962,Surname962,9,10,8,5,10,2
Name963,Surname963,7,2,10,1,10,3
Name964,Surname964,2,8,10,7,6,2
Name965,Surname965,1,3,9,2,6,4
Name966,Surname966,10,5,3,3,9,2
Name967,Surname967,5,1,10,3,4,8
Name968,Surname968,5,3,5,8,3,7
Name969,Surname969,8,5,3,5,10,5
Name970,Surname970,10,10,8,9,5,10
Name971,Surname971,3,1,9,6,9,5
Name972,Surname972,10,3,4,1,1,3
Name973,Surname973,2,7,9,3,9,4
Name974,Surname974,3,10,5,4,1,9
Name975,Surname975,7,2,1,9,4,4
Name976,Surname976,8,3,7,10,10,1
Name977,Surname977,3,5,6,8,9,8
Name978,Surname978,1,5,5,1,5,1
Name979,Surname979,5,7,5,7,2,3
Name980,Surname980,3,3,7,2,6,4
Name981,Surname981,10,10,8,10,3,6
Name982,Surname982,9,1,2,10,4,3
Name983,Surname983,2,9,7,3,5,5
Name984,Surname984,9,3,8,10,9,8
Name985,Surname985,4,10,2,1,1,3
Name986,Surname986,3,2,10,1,9,4
Name987,Surname987,7,1,6,6,9,1
Name988,Surname988,10,1,6,2,3,6
Name989,Surname989,6,6,10,5,2,1
Name990,Surname990,1,10,2,3,6,6
Name991,Surname991,5,10,1,2,9,10
Name992,Surname992,1,4,9,1,4,8
Name993,Surname993,5,7,4,8,9,8
Name994,Surname994,1,7,9,3,7,1
Name995,Surname995,1,10,7,1,6,2
Name996,Surname996,4,2,1,5,1,5
Name997,Surname997,9,3,9,1,1,1
Name998,Surname998,5,9,1,1,7,7
Name999,Surname999,7,6,1,4,6,2
Name1000,Surname1000,10,3,4,8,1,5
